{
  "categories": [
    {
      "id": 0,
      "name": "angry"
    },
    {
      "id": 1,
      "name": "disgust"
    },
    {
      "id": 2,
      "name": "fear"
    },
    {
      "id": 3,
      "name": "happy"
    },
    {
      "id": 4,
      "name": "neutral"
    },
    {
      "id": 5,
      "name": "sad"
    },
    {
      "id": 6,
      "name": "surprise"
    }
  ],
  "info": {
    "year": 2025,
    "version": "1.0",
    "contributor": "Label Studio"
  }
}